"Model","RMSE","R2"
"Linear Regression",1.83764137423167,0.670614762500545
"Random Forest",1.75825791005016,0.720859210542374
